{
  "project_info": {
    "project_number": "542257814897",
    "project_id": "justnoteit-app",
    "storage_bucket": "justnoteit-app.appspot.com"
  },
  "client": [
    {
      "client_info": {
        "mobilesdk_app_id": "1:542257814897:android:a574a969665f3af13baad0",
        "android_client_info": {
          "package_name": "com.example.justnoteit"
        }
      },
      "oauth_client": [
        {
          "client_id": "542257814897-oju14ko0157h1d42mst520uo286b5jcr.apps.googleusercontent.com",
          "client_type": 3
        }
      ],
      "api_key": [
        {
          "current_key": "AIzaSyA6INPxHJPUjI-4gstVBZbjdz0Cy9Ea6S0"
        }
      ],
      "services": {
        "appinvite_service": {
          "other_platform_oauth_client": [
            {
              "client_id": "542257814897-oju14ko0157h1d42mst520uo286b5jcr.apps.googleusercontent.com",
              "client_type": 3
            }
          ]
        }
      }
    }
  ],
  "configuration_version": "1"
}